State,epsilon,true_mean,true_median,true_stdev,dp_mean_laplace,dp_median_laplace,dp_stdev_laplace,dp_mean_gaussian,dp_median_gaussian,dp_stdev_gaussian,abs_err_mean_lap,abs_err_median_lap,abs_err_stdev_lap,abs_err_mean_gauss,abs_err_median_gauss,abs_err_stdev_gauss
Alabama,0.05,53549.83745717548,39615.5,42014.471830985916,52880.90844468149,39864.76924777147,41477.292441902304,55833.792769555585,38793.871125993835,44266.57035539481,668.9290124939944,249.2692477714736,537.1793890836125,2283.9553123801015,821.6288740061646,2252.098524408895
Alaska,0.05,73461.35639810427,67904.0,48921.791469194315,72407.36200405995,70407.10635707228,49708.29164426487,79820.17106479309,53451.44114695045,77261.74179507385,1053.994394044319,2503.1063570722763,786.500175070556,6358.814666688821,14452.558853049552,28339.95032587953
Arizona,0.05,62840.83979244365,48840.0,43943.43197664991,61451.28746164201,49825.23369943689,43960.94140480278,61047.011768119075,44801.06293315871,46785.76691679551,1389.5523308016418,985.2336994368889,17.509428152872715,1793.8280243245754,4038.9370668412885,2842.3349401456
Arkansas,0.05,51109.237562555194,37790.0,40652.412717103325,50485.34626311747,42112.79888899018,40533.70083111848,56810.854268945135,33820.02225766369,43492.30015227702,623.8912994377242,4322.798888990183,118.7118859848415,5701.616706389941,3969.977742336312,2839.887435173696
California,0.05,78650.14139350511,65296.0,53898.916542155814,78357.60045482266,65505.73866119716,53863.16575018315,79420.30500453566,65617.07591634565,52828.71714134893,292.5409386824467,209.73866119715967,35.75079197266314,770.1636110305553,321.07591634565324,1070.1994008068868
Colorado,0.05,74432.32472464869,61567.0,49993.99240410179,75039.1305918698,61792.05724687595,48413.91608739244,79310.10124916374,72697.03870888898,51494.527970471965,606.8058672211191,225.0572468759492,1580.0763167093464,4877.776524515051,11130.038708888984,1500.5355663701775
Connecticut,0.05,88084.28671721427,79490.0,57656.458298230835,88335.92450190292,80238.28573031834,50599.57956270616,92680.08378576806,74448.30320024143,63140.260701720326,251.6377846886462,748.2857303183409,7056.878735524675,4595.7970685537875,5041.696799758574,5483.802403489492
Delaware,0.05,73794.47591743119,59351.0,51592.26834862385,89189.45315133886,51614.971734233666,42509.471619661344,56288.63825646851,117865.66794169022,57103.245007241254,15394.977233907674,7736.028265766334,9082.796728962508,17505.83766096268,58514.66794169022,5510.976658617401
District of Columbia,0.05,91846.43492063491,75776.5,62716.184126984124,98513.122009047,96103.68003359386,67773.69511863455,77008.61724357426,69242.28105196482,93464.52279264141,6666.687088412087,20327.18003359386,5057.51099165043,14837.817677060651,6534.218948035181,30748.338665657284
Florida,0.05,61724.72185111633,46591.0,46013.25010531383,61780.31110162294,47245.060615710914,45466.01596298316,60494.95971615659,48124.019668672554,45722.07195485421,55.58925050660764,654.0606157109141,547.2341423306716,1229.7621349597393,1533.019668672554,291.178150459622
Georgia,0.05,60445.872205253516,44089.0,45191.57617593158,60507.72166634628,43460.489533807006,44821.45551725188,60494.487375747136,47823.90450850751,45086.01154692829,61.84946109276643,628.5104661929945,370.12065867969795,48.6151704936201,3734.904508507512,105.56462900328916
Hawaii,0.05,78819.7327523602,70749.0,52318.05591866376,81352.55737999473,72685.86354544241,54273.95793841831,74062.51440157031,51350.303492153704,30323.1095389877,2532.8246276345308,1936.8635454424075,1955.902019754547,4757.218350789888,19398.696507846296,21994.94637967606
Idaho,0.05,56377.80990629183,45317.5,41945.33266398929,56270.74223387489,53086.678022589855,39578.882947482525,77182.9736819489,53855.39643661157,76582.81916619936,107.06767241694615,7769.178022589855,2366.449716506766,20805.16377565707,8537.896436611569,34637.48650221007
Illinois,0.05,69947.43727298127,55841.0,48945.17700474993,71241.72159851134,55939.42224881921,49021.15605536335,73528.52520381015,54424.63617689272,48220.494714200715,1294.2843255300686,98.42224881920993,75.97905061342317,3581.0879308288713,1416.3638231072764,724.6822905492154
Indiana,0.05,58199.19086900868,47864.0,41537.10339923197,56863.47983736895,47027.2368547832,41998.303111763395,57760.26785329692,44291.05075591208,45677.93228432311,1335.7110316397302,836.7631452167989,461.19971253142285,438.9230157117563,3572.9492440879185,4140.828885091141
Iowa,0.05,61412.062403528114,51400.0,43846.59073869901,60200.87358112495,52764.54947241965,43789.14956405908,56359.498173707696,53663.191766505,46529.81021142593,1211.1888224031645,1364.549472419647,57.44117463992734,5052.564229820418,2263.1917665049987,2683.2194727269234
Kansas,0.05,60683.55727391874,48494.0,42323.00917431193,60003.23355733164,45399.928476419256,43049.0995737507,58829.789323139186,51789.383966223824,35998.756792144166,680.3237165871033,3094.071523580744,726.09039943877,1853.7679507795547,3295.3839662238242,6324.2523821677605
Kentucky,0.05,55199.07072335281,40887.0,42072.66512190208,55456.016843930425,40176.68633958947,43264.54072887372,51247.75904702848,41233.14564986885,39605.1450901653,256.94612057761697,710.3136604105312,1191.87560697164,3951.3116763243306,346.14564986884943,2467.520031736778
Louisiana,0.05,56549.06440877056,41661.0,45400.669929522315,57142.78013771855,40502.68751022033,46707.18884573312,55972.84135255492,41269.730622971416,41252.03939000391,593.7157289479946,1158.3124897796733,1306.5189162108072,576.2230562156401,391.26937702858413,4148.630539518403
Maine,0.05,60176.52541296061,47477.0,46066.034942820836,60845.137698323466,59365.64211077224,51706.05486607621,64991.01152315359,48183.63016662129,46581.45030270488,668.6122853628549,11888.642110772242,5640.019923255371,4814.486110192978,706.6301666212894,515.4153598840421
Maryland,0.05,87913.69387058221,79395.0,55087.99453645211,87398.34442447696,78821.5502417934,55461.4820520249,88735.05157447667,82571.35277758689,59387.8883611692,515.3494461052469,573.449758206596,373.4875155727859,821.3577038944641,3176.352777586886,4299.893824717088
Massachusetts,0.05,84740.10655737705,74480.0,57614.56780923994,84806.58372495946,71506.14257576839,58618.90956615729,87343.96053056882,72750.85643155378,54392.27525195667,66.47716758241586,2973.85742423161,1004.3417569173471,2603.85397319177,1729.1435684462194,3222.2925572832683
Michigan,0.05,59765.45665133708,46981.0,43122.64699369784,59576.00151834005,46355.07495688188,43867.40872117542,61228.38164997685,48835.41697315057,44206.27246602811,189.45513299703453,625.9250431181208,744.7617274775839,1462.92499863977,1854.416973150568,1083.62547233027
Minnesota,0.05,71721.56747891284,58436.0,49248.96501093408,71321.01952547465,58459.07640178849,49134.73699522641,72375.62270966492,57894.17297718387,41593.86062145534,400.5479534381884,23.07640178848669,114.22801570766751,654.0552307520848,541.8270228161273,7655.1043894787435
Mississippi,0.05,49090.0056057303,35809.0,40347.291186546245,47936.386312031944,35701.60502801514,37703.07525679474,46912.11932653961,30915.28233677093,43141.26733764479,1153.619293698357,107.3949719848606,2644.2159297515027,2177.886279190694,4893.717663229068,2793.976151098548
Missouri,0.05,57542.84885714286,43964.0,41869.33185714285,57761.31665497063,43917.87814991178,40772.48488378632,58327.452105794495,43468.00951653262,41859.539710909805,218.46779782776866,46.12185008821689,1096.8469733565362,784.6032486516342,495.9904834673798,9.792146233048697
Montana,0.05,58254.98650472335,46468.0,44113.906882591094,51967.68753684723,43490.80238752905,45077.728652494305,51532.81229550188,43116.63342733555,59005.03604119041,6287.298967876115,2977.197612470947,963.8217699032102,6722.17420922147,3351.3665726644467,14891.129158599317
Nebraska,0.05,62938.65395787945,51751.5,43866.86129266521,62074.37258757539,51681.77247335257,45850.442718950646,74447.46008839899,50032.32773431172,37270.79542998188,864.2813703040592,69.72752664743166,1983.5814262854328,11508.806130519544,1719.1722656882775,6596.065862683332
Nevada,0.05,64949.36737000754,54657.0,44575.22569706104,64104.78396936251,47463.441082845726,43854.24396094842,65888.39165473076,41630.884932117915,47801.216203302814,844.5834006450314,7193.558917154274,720.9817361126188,939.0242847232221,13026.115067882085,3225.9905062417747
New Hampshire,0.05,78389.863878327,68590.0,53216.276045627375,79372.80382382889,68421.94049473398,52704.22549156151,93529.21347070429,56578.64444855851,46922.55015143901,982.9399455018865,168.059505266021,512.0505540658633,15139.349592377286,12011.355551441491,6293.725894188363
New Jersey,0.05,89249.17429022082,79926.0,58062.17282559712,89513.41330172884,79506.35584447932,58130.984428295465,86470.31325179679,79703.01771968353,56399.34963034256,264.23901150801976,419.64415552068385,68.811602698348,2778.861038424031,222.9822803164716,1662.8231952545539
New Mexico,0.05,56187.235,43261.5,42956.05458333333,54136.21528048501,43873.57186768443,40911.281676479295,61725.558450925004,45680.63075582054,43549.82916793018,2051.0197195149885,612.0718676844335,2044.7729068540357,5538.323450925003,2419.130755820537,593.7745845968457
New York,0.05,75745.79503565805,60819.0,53001.25761785681,75366.91464472584,60795.0029460565,52882.614717483106,74097.84613840995,59959.50050587648,54894.30324535006,378.88039093221596,23.99705394350167,118.64290037370665,1647.948897248105,859.49949412352,1893.045627493244
North Carolina,0.05,58557.675663861875,43739.0,43952.42694787455,58971.00047196754,43934.91483554861,44268.71765878233,57792.18097209995,39840.427866110425,45287.73053084365,413.3248081056663,195.91483554861043,316.2907109077787,765.4946917619236,3898.5721338895746,1335.3035829690998
North Dakota,0.05,67635.42953586498,56572.0,48591.17130801688,68118.35658616755,62803.15165813211,43067.82469181878,81169.00217186978,22030.65660300864,48128.72093850193,482.92705030256184,6231.151658132112,5523.346616198098,13533.5726360048,34541.34339699136,462.45036951494694
Ohio,0.05,60080.73095732069,47907.5,42999.01192946058,61830.334936145046,47910.93618810288,42871.18808641065,57815.31603137352,48804.38248086277,41718.862250980026,1749.603978824358,3.436188102881715,127.8238430499332,2265.414925947167,896.8824808627687,1280.1496784805568
Oklahoma,0.05,56574.45679783469,42745.0,42770.957526545906,56043.30158908211,42467.586881299314,41622.44108751464,57261.97154852379,43998.35139804207,48507.51001335873,531.1552087525779,277.413118700686,1148.5164390312639,687.5147506891008,1253.3513980420685,5736.552486812827
Oregon,0.05,63958.41371280725,51082.0,46536.53505821475,62465.707430356924,49168.383450384965,48802.86251058033,62510.81711142889,53737.87308698876,44419.95970445108,1492.7062824503228,1913.6165496150352,2266.327452365578,1447.5966013783545,2655.8730869887586,2116.57535376367
Pennsylvania,0.05,65502.47090341834,52457.0,46881.80412371134,65530.61060417409,52156.82724612964,47027.14362909589,65592.4923274145,51508.39315892478,47990.687995353815,28.139700755753438,300.1727538703635,145.3395053845452,90.02142399615695,948.6068410752196,1108.8838716424725
Puerto Rico,0.05,27613.839736842107,17349.5,25314.11894736842,28042.370518282638,16199.41683285199,24218.881250727893,25013.595046524664,17725.490909953314,16813.20693900358,428.5307814405314,1150.08316714801,1095.2376966405282,2600.2446903174423,375.99090995331426,8500.912008364841
Rhode Island,0.05,72224.26940639269,61364.0,51873.56438356164,64259.546675702375,55416.64693519652,54829.03192964198,49435.127812325445,84259.22196722313,54823.22531083781,7964.722730690315,5947.353064803479,2955.4675460803337,22789.141594067245,22895.22196722313,2949.6609272761707
South Carolina,0.05,55413.45870560035,41190.0,42930.06580954456,55482.02907344828,44381.41872953879,39416.73673835534,57693.66375559667,38986.885405868794,43089.212745805395,68.57036784792581,3191.418729538789,3513.3290711892187,2280.2050499963225,2203.114594131206,159.14693626083317
South Dakota,0.05,58639.960876369325,48758.0,42845.255086071986,63852.657680965625,53066.413376461445,30842.16748677718,69139.02605442068,48433.7625810023,29022.74725966981,5212.6968045963,4308.413376461445,12003.087599294806,10499.065178051358,324.2374189976981,13822.507826402176
Tennessee,0.05,56584.582540203475,41515.0,42720.13849688218,56423.201417432145,40353.36515166475,44469.91037673718,57991.255841860955,44702.3828023278,41037.258525734636,161.3811227713304,1161.6348483352485,1749.7718798549977,1406.67330165748,3187.3828023277965,1682.879971147544
Texas,0.05,65528.01508105524,49835.0,46326.22121778435,64943.386537808525,49530.15557903993,46025.189263637105,65249.10313625619,50189.18425312685,46490.484110383215,584.6285432467121,304.84442096007115,301.0319541472418,278.91194479904516,354.1842531268485,164.26289259886835
Utah,0.05,72216.35826620637,62922.0,47094.02032988109,72147.16299475619,56911.86540886696,44822.78519065841,82016.68915213174,56616.86213351648,51057.98511166284,69.19527145018219,6010.134591133043,2271.2351392226774,9800.330885925374,6305.137866483521,3963.964781781753
Vermont,0.05,65696.36275695285,54891.0,49079.48972188633,65237.41197957235,69022.57250792078,44299.43004479795,109520.59058794059,35364.7337371621,46913.86513224712,458.9507773804944,14131.572507920777,4780.059677088386,43824.227830987744,19526.266262837897,2165.624589639214
Virginia,0.05,79932.47650579397,64103.0,50938.72367248186,79886.24456947962,63521.19149009534,51033.47850117265,77575.90798884463,66011.07514769152,53297.99570188654,46.23193631434697,581.8085099046584,94.75482869079133,2356.568516949337,1908.0751476915175,2359.2720294046812
Washington,0.05,75276.7911576498,64156.0,50702.7310936591,75585.09421452097,60868.995104772184,49591.60568541797,75635.87352330999,63106.356755890905,56849.95429287947,308.30305687116925,3287.0048952278157,1111.1254082411324,359.08236566018604,1049.6432441090947,6147.223199220367
West Virginia,0.05,52394.05379365716,39983.0,41937.77679646728,54309.36581266354,36500.21004110181,42573.82605138154,59516.51393856425,45541.92970609674,57716.6214121628,1915.3120190063783,3482.789958898189,636.0492549142582,7122.460144907083,5558.9297060967365,15778.844615695518
Wisconsin,0.05,63259.944065281896,52830.5,44564.37759643917,60741.54816469196,52177.51945331926,44240.03322708952,61002.13777402445,49230.847663112014,39032.3864476071,2518.395900589938,652.9805466807375,324.3443693496447,2257.806291257446,3599.652336887986,5531.991148832065
Wyoming,0.05,68398.78313253012,61092.0,46078.24096385542,56602.92102148806,67384.98618411744,38542.925578765586,125113.86113159968,85787.60146407381,70051.55244623081,11795.862111042064,6292.9861841174425,7535.315385089838,56715.07799906956,24695.601464073814,23973.311482375386
Alabama,0.1,53549.83745717548,39615.5,42014.471830985916,54408.79871110849,39822.45596006928,41745.9322977207,55566.57354691696,39939.975686004786,39538.318296149875,858.9612539330046,206.955960069281,268.5395332652188,2016.7360897414765,324.47568600478553,2476.153534836041
Alaska,0.1,73461.35639810427,67904.0,48921.791469194315,73771.60346137975,68638.7995033366,48364.26671254743,77041.66085288532,83002.89896095484,47798.86932114591,310.24706327548483,734.7995033366024,557.5247566468825,3580.304454781057,15098.898960954844,1122.9221480484048
Arizona,0.1,62840.83979244365,48840.0,43943.43197664991,62598.506628709416,48594.36402440019,44182.92706620742,63138.7069694751,47888.47016536642,42297.166056704,242.3331637342344,245.6359755998128,239.49508955750935,297.8671770314468,951.5298346335767,1646.2659199459085
Arkansas,0.1,51109.237562555194,37790.0,40652.412717103325,51237.21268066398,37186.27306032627,41481.50988028649,52223.20882623207,38200.06149259187,40568.27285815833,127.97511810878495,603.726939673732,829.0971631831635,1113.9712636768745,410.0614925918708,84.13985894499638
California,0.1,78650.14139350511,65296.0,53898.916542155814,78601.49867527359,65268.036797610286,53913.45934848904,78386.1445735105,65507.97687500955,53835.19198179909,48.64271823152376,27.963202389713842,14.542806333229237,263.9968199946161,211.97687500955362,63.72456035672076
Colorado,0.1,74432.32472464869,61567.0,49993.99240410179,73716.38224788108,61713.497382956404,49610.750046875844,77380.78375376476,61530.70048114351,52432.689887404216,715.9424767676101,146.49738295640418,383.2423572259431,2948.459029116071,36.29951885648916,2438.6974833024287
Connecticut,0.1,88084.28671721427,79490.0,57656.458298230835,88100.45043136504,79854.30251924248,57137.178342644715,92113.13567314197,86332.807418266,59645.38039843155,16.16371415076719,364.30251924248296,519.2799555861202,4028.848955927693,6842.807418266006,1988.922100200718
Delaware,0.1,73794.47591743119,59351.0,51592.26834862385,75874.54338020725,56400.88585891277,50193.874934909545,72758.6184895098,79370.069151394,51612.11486393756,2080.06746277606,2950.1141410872297,1398.3934137143078,1035.8574279213935,20019.069151393996,19.84651531370764
District of Columbia,0.1,91846.43492063491,75776.5,62716.184126984124,103955.65947801336,70230.59635270406,63050.17929802353,93307.5016273011,71361.21294428782,45495.41037394309,12109.224557378446,5545.9036472959415,333.9951710394089,1461.0667066661845,4415.287055712179,17220.773753041038
Florida,0.1,61724.72185111633,46591.0,46013.25010531383,61696.9781036584,46352.04224133585,46108.62732157695,62359.593455098715,47186.011133414715,46552.58343115878,27.743747457927384,238.95775866415352,95.37721626311395,634.8716039823848,595.011133414715,539.3333258449493
Georgia,0.1,60445.872205253516,44089.0,45191.57617593158,60043.367397484755,44040.34336590704,45179.98893093665,61923.652980209656,42027.83308861883,43906.02342355716,402.50480776876066,48.656634092956665,11.587244994931098,1477.7807749561398,2061.166911381173,1285.5527523744167
Hawaii,0.1,78819.7327523602,70749.0,52318.05591866376,78774.9546452837,78242.66637476442,51634.79227866245,89057.60279420353,62724.132238879545,45375.378813311225,44.778107076504966,7493.66637476442,683.2636400013143,10237.87004184333,8024.867761120455,6942.677105352537
Idaho,0.1,56377.80990629183,45317.5,41945.33266398929,55652.15803333692,40831.080056517756,45162.897144056355,58170.893132059726,35046.12844629506,41502.784383198705,725.6518729549134,4486.419943482244,3217.5644800670634,1793.0832257678921,10271.371553704943,442.54828079058643
Illinois,0.1,69947.43727298127,55841.0,48945.17700474993,69916.6799955766,56076.97168735094,48557.70110735931,70541.09113233538,56490.57268338645,48421.12091451811,30.757277404671186,235.97168735093874,387.47589739062096,593.6538593541045,649.5726833864464,524.0560902318175
Indiana,0.1,58199.19086900868,47864.0,41537.10339923197,57981.879329677635,47773.57960824915,41543.782498094115,56738.71740433668,48665.434670102244,45048.88523435182,217.3115393310436,90.42039175084938,6.679098862143292,1460.4734646719953,801.4346701022441,3511.781835119851
Iowa,0.1,61412.062403528114,51400.0,43846.59073869901,61146.227246684226,52188.0212352669,43465.39206736389,59945.425065176605,49749.14584579216,45187.55695915388,265.8351568438884,788.0212352668968,381.19867133511434,1466.6373383515092,1650.8541542078383,1340.966220454873
Kansas,0.1,60683.55727391874,48494.0,42323.00917431193,59567.56569353274,48979.07583598756,40803.520851756024,58229.70831428519,50766.01333833681,43059.73323636224,1115.9915803859985,485.07583598756173,1519.4883225559024,2453.8489596335494,2272.0133383368084,736.7240620503144
Kentucky,0.1,55199.07072335281,40887.0,42072.66512190208,54374.12216133965,38522.411194815555,41381.40637151798,54306.37777730826,42270.27198572842,38682.89117731131,824.94856201316,2364.588805184445,691.2587503840987,892.6929460445463,1383.2719857284173,3389.773944590772
Louisiana,0.1,56549.06440877056,41661.0,45400.669929522315,56714.209496618954,41826.526401906325,45135.99261861739,57130.50561161352,42955.03003050078,44283.34824498729,165.14508784839563,165.5264019063252,264.6773109049245,581.4412028429579,1294.0300305007768,1117.3216845350253
Maine,0.1,60176.52541296061,47477.0,46066.034942820836,55999.97857935797,48556.15780472953,46030.00515126666,64562.29403881588,37901.3123253439,55262.257367877864,4176.546833602639,1079.1578047295334,36.02979155417415,4385.768625855271,9575.687674656103,9196.222425057029
Maryland,0.1,87913.69387058221,79395.0,55087.99453645211,88144.99033685825,79117.4192355095,54999.114277149565,87016.1270919088,79532.3010770838,54409.874366660355,231.29646627603506,277.58076449049986,88.88025930254662,897.566778673412,137.30107708380092,678.1201697917568
Massachusetts,0.1,84740.10655737705,74480.0,57614.56780923994,85311.12951461252,74707.84883299196,57535.76886507519,85334.80989435005,73256.99586308486,57582.87068390291,571.0229572354729,227.84883299196372,78.79894416475145,594.7033369730052,1223.004136915144,31.69712533702841
Michigan,0.1,59765.45665133708,46981.0,43122.64699369784,59871.07027031013,47454.79949308129,43397.40651157303,59164.80290288642,47648.743581982526,43091.69320646601,105.61361897304596,473.7994930812929,274.75951787518716,600.6537484506625,667.7435819825259,30.953787231832393
Minnesota,0.1,71721.56747891284,58436.0,49248.96501093408,71466.71022620748,57438.073836841286,49153.050855689195,72961.27336195573,58742.14944273472,47538.38728296043,254.85725270536204,997.9261631587142,95.91415524488548,1239.7058830428869,306.14944273472065,1710.5777279736503
Mississippi,0.1,49090.0056057303,35809.0,40347.291186546245,49246.46904397216,35740.998203199524,41727.95295900484,45042.42159497414,33440.03298093682,41368.9188529204,156.46343824185897,68.00179680047586,1380.6617724585958,4047.58401075616,2368.9670190631805,1021.6276663741519
Missouri,0.1,57542.84885714286,43964.0,41869.33185714285,57541.68531832066,43817.76384977736,41877.43099776708,58496.01940463402,42399.61275677944,42272.995014059255,1.1635388221984613,146.2361502226413,8.099140624224674,953.1705474911578,1564.3872432205608,403.66315691640193
Montana,0.1,58254.98650472335,46468.0,44113.906882591094,59033.64563324609,49579.15775930362,37639.58813674152,58172.45695612562,41643.96490462523,36270.32185770126,778.6591285227405,3111.15775930362,6474.318745849574,82.5295485977258,4824.035095374769,7843.585024889835
Nebraska,0.1,62938.65395787945,51751.5,43866.86129266521,62013.42333029307,53181.277703344065,46152.436540847106,63563.03775236861,49335.71589712989,36585.46636580284,925.2306275863739,1429.7777033440652,2285.5752481818927,624.3837944891638,2415.7841028701077,7281.394926862376
Nevada,0.1,64949.36737000754,54657.0,44575.22569706104,64501.7867907868,54612.72143626022,42154.714236892956,58912.816005161134,54662.56521221164,44093.91793004435,447.5805792207393,44.27856373978284,2420.5114601680834,6036.551364846404,5.565212211637117,481.30776701668947
New Hampshire,0.1,78389.863878327,68590.0,53216.276045627375,77431.37416241723,67343.8031962245,54928.88865640392,93922.2289402551,57834.9506435651,60859.282880247,958.4897159097745,1246.1968037754996,1712.612610776545,15532.365061928096,10755.049356434902,7643.006834619628
New Jersey,0.1,89249.17429022082,79926.0,58062.17282559712,89381.8653622802,79934.07938432568,57574.462118071766,87893.60818332894,80398.71780349969,58854.381753075315,132.69107205937325,8.07938432568335,487.7107075253516,1355.5661068918853,472.7178034996905,792.2089274781974
New Mexico,0.1,56187.235,43261.5,42956.05458333333,56297.82254883658,40686.59258741593,43594.392066162036,53742.22143748179,35847.4138231694,38131.98369131886,110.58754883657821,2574.9074125840707,638.3374828287051,2445.0135625182083,7414.086176830599,4824.070892014468
New York,0.1,75745.79503565805,60819.0,53001.25761785681,75572.16720833526,60729.07686844765,53215.37966781127,75186.43204595959,60743.82239705359,52145.20909803982,173.62782732279447,89.92313155235024,214.1220499544579,559.3629896984639,75.17760294640902,856.0485198169918
North Carolina,0.1,58557.675663861875,43739.0,43952.42694787455,58295.36348319821,43815.34230133185,43955.2355786333,56810.27557534437,44075.85124406006,42646.07178396221,262.31218066366273,76.34230133185338,2.808630758750951,1747.4000885175046,336.8512440600607,1306.3551639123398
North Dakota,0.1,67635.42953586498,56572.0,48591.17130801688,64943.75180951183,55907.41683242441,43452.95411299703,49191.3359383741,49287.67581136335,61606.55503724406,2691.677726353155,664.5831675755908,5138.217195019846,18444.093597490886,7284.324188636652,13015.383729227186
Ohio,0.1,60080.73095732069,47907.5,42999.01192946058,58704.73026510487,47871.976404173525,42905.24801978259,58838.19771954773,48630.83465636635,43295.76076913851,1376.000692215821,35.523595826474775,93.76390967798943,1242.5332377729574,723.3346563663508,296.74883967792994
Oklahoma,0.1,56574.45679783469,42745.0,42770.957526545906,56051.3839107308,42393.55217146454,41779.001268387394,56873.23624582523,40360.227310343165,43885.15170381323,523.0728871038882,351.4478285354635,991.9562581585124,298.7794479905424,2384.7726896568347,1114.1941772673235
Oregon,0.1,63958.41371280725,51082.0,46536.53505821475,63484.50306756937,48949.77363454422,46439.669295405605,68752.76619642887,49568.96662615972,48122.10493994254,473.91064523787645,2132.226365455783,96.86576280914596,4794.352483621624,1513.033373840277,1585.569881727788
Pennsylvania,0.1,65502.47090341834,52457.0,46881.80412371134,65355.1341740586,52478.76090418478,46883.05226233414,65643.91423949804,50961.446833658294,47433.90502293308,147.33672935974027,21.760904184782703,1.2481386227955227,141.44333607970475,1495.553166341706,552.1008992217394
Puerto Rico,0.1,27613.839736842107,17349.5,25314.11894736842,26786.010278411788,17218.579160496836,24601.78159341083,24865.158221509246,10615.177968485143,27060.11163847575,827.8294584303185,130.92083950316373,712.3373539575914,2748.6815153328607,6734.322031514857,1745.9926911073308
Rhode Island,0.1,72224.26940639269,61364.0,51873.56438356164,72596.04482633842,65415.278992849795,51603.43324739736,80766.21322865403,44003.25998211806,51425.7436568415,371.77541994572675,4051.278992849795,270.1311361642802,8541.943822261339,17360.740017881937,447.8207267201433
South Carolina,0.1,55413.45870560035,41190.0,42930.06580954456,55091.038622640655,41458.65794520514,44506.12761309886,53925.8957818862,38098.93250719635,43518.883895926076,322.4200829596957,268.65794520513737,1576.0618035543012,1487.5629237141475,3091.0674928036533,588.8180863815141
South Dakota,0.1,58639.960876369325,48758.0,42845.255086071986,59607.40132699425,49818.89092646836,44813.25942728757,68629.67706109583,42028.67251120486,34270.276297914774,967.4404506249266,1060.8909264683607,1968.0043412155865,9989.716184726509,6729.327488795141,8574.978788157212
Tennessee,0.1,56584.582540203475,41515.0,42720.13849688218,57089.71448301098,41543.38319983421,43168.401732270955,54755.83819339968,39866.20342033543,45168.47761934398,505.1319428075076,28.383199834206607,448.2632353887748,1828.7443468037964,1648.796579664573,2448.3391224618026
Texas,0.1,65528.01508105524,49835.0,46326.22121778435,65518.9355825927,49968.36072793299,46231.899609132444,66911.10601624292,50034.19067040834,46857.26850079233,9.07949846253905,133.36072793298808,94.32160865190235,1383.0909351876835,199.1906704083376,531.0472830079816
Utah,0.1,72216.35826620637,62922.0,47094.02032988109,72771.87343099684,63389.457732597424,48646.68110892437,75606.65495686355,64009.05897585067,39046.20088704607,555.5151647904713,467.4577325974242,1552.6607790432827,3390.296690657182,1087.0589758506685,8047.819442835018
Vermont,0.1,65696.36275695285,54891.0,49079.48972188633,75866.6230995725,51296.996985113525,44728.0133726222,105109.09196751619,38752.46130448746,62461.704965323916,10170.260342619658,3594.0030148864753,4351.476349264136,39412.72921056334,16138.538695512543,13382.215243437582
Virginia,0.1,79932.47650579397,64103.0,50938.72367248186,80895.17855152348,64853.630880432975,51475.67168510019,79057.34052001599,62609.4753984577,49262.43075690029,962.7020457295148,750.6308804329747,536.9480126183335,875.1359857779753,1493.5246015423036,1676.2929155815655
Washington,0.1,75276.7911576498,64156.0,50702.7310936591,74940.32603781713,64706.60434936076,52301.50146908381,74892.06721973386,64387.57478942982,51245.21850708398,336.46511983267555,550.6043493607576,1598.770375424705,384.7239379159437,231.57478942981834,542.4874134248748
West Virginia,0.1,52394.05379365716,39983.0,41937.77679646728,53040.132680853654,39372.79280918301,42321.68081872271,52688.176804134506,45214.25579549229,39955.29925136738,646.0788871964905,610.2071908169892,383.90402225542493,294.1230104773422,5231.255795492289,1982.4775450999005
Wisconsin,0.1,63259.944065281896,52830.5,44564.37759643917,63429.340922840514,53188.985190778934,44802.61898350292,61820.13573773927,52858.90885984097,45568.1574629884,169.39685755861865,358.48519077893434,238.2413870637538,1439.8083275426252,28.408859840972582,1003.7798665492301
Wyoming,0.1,68398.78313253012,61092.0,46078.24096385542,66496.4046420132,64951.401414058746,53297.8168478396,68085.32727844514,74467.08721856723,62058.29653654951,1902.378490516916,3859.401414058746,7219.575883984173,313.455854084983,13375.087218567234,15980.055572694087
Alabama,0.5,53549.83745717548,39615.5,42014.471830985916,53617.9181119291,39645.95812387733,41957.40990338515,54029.86656845443,38769.0666404073,41723.710465365715,68.08065475361946,30.458123877331673,57.06192760076374,480.02911127894913,846.4333595927019,290.7613656202011
Alaska,0.5,73461.35639810427,67904.0,48921.791469194315,73277.36613390046,66962.30671136915,49412.2998296512,73533.6044141182,62150.66950191824,50370.4294116789,183.99026420380687,941.6932886308496,490.5083604568863,72.24801601393847,5753.330498081763,1448.6379424845873
Arizona,0.5,62840.83979244365,48840.0,43943.43197664991,62830.57924102816,48838.11705650363,43969.469725193,62885.63570252631,48892.45202916384,44435.73269854855,10.260551415492955,1.8829434963699896,26.03774854308722,44.795910082662886,52.45202916384005,492.3007218986386
Arkansas,0.5,51109.237562555194,37790.0,40652.412717103325,50973.61696530275,38078.18288192204,40612.88851613502,51762.84784141179,38130.30716445228,40556.48462214409,135.62059725244762,288.1828819220391,39.524200968306104,653.6102788565986,340.3071644522788,95.92809495923575
California,0.5,78650.14139350511,65296.0,53898.916542155814,78666.50204278926,65286.98302550452,53871.13717445043,78525.98893871551,65267.02052229851,53986.63526671133,16.360649284149986,9.016974495476461,27.779367705385084,124.15245478959696,28.979477701490396,87.71872455551784
Colorado,0.5,74432.32472464869,61567.0,49993.99240410179,74432.36435198477,61592.09922486675,49943.92718802124,74324.94906620392,62245.414138496366,49764.27253917477,0.039627336082048714,25.099224866753502,50.06521608054754,107.37565844476921,678.4141384963659,229.719864927014
Connecticut,0.5,88084.28671721427,79490.0,57656.458298230835,88137.16150829784,79443.14176036816,57734.79840557278,88025.32091532137,80317.8364346003,57491.55753999188,52.87479108356638,46.85823963183793,78.34010734194453,58.96580189290398,827.8364346003073,164.90075823895313
Delaware,0.5,73794.47591743119,59351.0,51592.26834862385,72397.38828588622,59488.718530513885,51479.560597848395,72946.39345470243,54454.61817673004,52234.194699727996,1397.0876315449714,137.71853051388462,112.70775077545841,848.0824627287657,4896.381823269963,641.9263511041427
District of Columbia,0.5,91846.43492063491,75776.5,62716.184126984124,92405.61550509944,75881.64703209375,62971.89996423591,88673.90517146891,77161.93396227845,63123.331891984635,559.1805844645278,105.14703209375148,255.7158372517879,3172.529749166002,1385.4339622784464,407.14776500051084
Florida,0.5,61724.72185111633,46591.0,46013.25010531383,61661.89796118471,46615.284454157896,45971.90372305128,61697.79553090393,46587.35738142751,45931.20609301517,62.823889931620215,24.284454157896107,41.34638226255629,26.926320212398423,3.6426185724922107,82.04401229866198
Georgia,0.5,60445.872205253516,44089.0,45191.57617593158,60464.42313948816,44055.7334007535,45148.40651503828,60462.72764889041,44152.91427469376,45441.92217595788,18.550934234641318,33.26659924649721,43.16966089329799,16.85544363689405,63.91427469375776,250.34600002630032
Hawaii,0.5,78819.7327523602,70749.0,52318.05591866376,79182.22970391162,70954.439070782,51627.08407105591,78706.64094907194,72562.57032330589,54135.98459406992,362.496951551424,205.43907078199845,690.9718476078488,113.09180328826187,1813.5703233058885,1817.9286754061613
Idaho,0.5,56377.80990629183,45317.5,41945.33266398929,56295.50007887674,45283.93107744411,41991.14990978525,55706.953667534784,47024.72745839928,41937.399817947444,82.3098274150907,33.568922555889,45.817245795959025,670.8562387570491,1707.2274583992767,7.93284604184737
Illinois,0.5,69947.43727298127,55841.0,48945.17700474993,70011.43613557432,55822.306782515676,48868.57976495877,69828.23209850819,55842.5714707549,48828.99448677431,63.99886259304185,18.693217484324123,76.59723979116097,119.20517447308521,1.5714707548977458,116.1825179756197
Indiana,0.5,58199.19086900868,47864.0,41537.10339923197,58184.20463470495,47920.41065765417,41563.91088034676,58462.51426299391,47593.71064051813,41239.113602224774,14.98623430373118,56.41065765416715,26.80748111478897,263.3233939852289,270.289359481867,297.9897970071979
Iowa,0.5,61412.062403528114,51400.0,43846.59073869901,61441.457400427185,51481.233706172505,43581.09966574446,61743.53990735972,51585.77408006586,44198.70939649385,29.394996899070975,81.23370617250475,265.4910729545445,331.47750383160746,185.77408006585756,352.11865779483924
Kansas,0.5,60683.55727391874,48494.0,42323.00917431193,60879.866976147874,48619.21063794947,42388.78635611379,62348.5855452615,48313.010498494434,42361.74817222019,196.3097022291331,125.21063794947258,65.77718180186639,1665.0282713427587,180.9895015055663,38.738997908265446
Kentucky,0.5,55199.07072335281,40887.0,42072.66512190208,54971.58985334341,40765.34041121947,42178.818352450115,55885.61197725348,41019.6580800048,41670.96150071208,227.48087000939995,121.65958878053061,106.15323054803594,686.541253900672,132.6580800048032,401.70362118999765
Louisiana,0.5,56549.06440877056,41661.0,45400.669929522315,56570.14918730234,41770.14968730003,45464.70929597514,56463.390368613254,41445.16504139586,45541.11517074673,21.08477853178192,109.14968730002875,64.03936645282374,85.67404015730426,215.83495860413677,140.44524122441362
Maine,0.5,60176.52541296061,47477.0,46066.034942820836,60218.774685433986,47480.67322473985,46627.52387120288,60037.20074224985,47471.36298237752,47300.259881653095,42.24927247337473,3.6732247398467734,561.4889283820448,139.32467071076098,5.637017622480926,1234.2249388322598
Maryland,0.5,87913.69387058221,79395.0,55087.99453645211,88061.35608542192,79334.40411406873,55170.10726290491,87390.78304214998,79063.61302131275,55267.80018162205,147.66221483971458,60.59588593126682,82.11272645279678,522.9108284322283,331.38697868725285,179.80564516993763
Massachusetts,0.5,84740.10655737705,74480.0,57614.56780923994,84718.22264847545,74151.50648467624,57574.836061210364,84144.08765312607,74608.02447177813,57348.661753269036,21.883908901596442,328.4935153237602,39.7317480295751,596.0189042509737,128.02447177813156,265.90605597090325
Michigan,0.5,59765.45665133708,46981.0,43122.64699369784,59776.655872207244,47023.670853407355,43236.79251547229,59468.44684922962,47068.63141626089,43519.95559662182,11.199220870163117,42.670853407355025,114.14552177445148,297.0098021074591,87.63141626089055,397.30860292397847
Minnesota,0.5,71721.56747891284,58436.0,49248.96501093408,71615.80397096422,58455.18028049837,49216.07699759449,71427.17621069061,58540.13772495837,49090.26809030552,105.76350794862083,19.18028049836721,32.888013339586905,294.391268222229,104.13772495836747,158.69692062855756
Mississippi,0.5,49090.0056057303,35809.0,40347.291186546245,49180.61519678937,35852.222889242716,40537.14829981462,49550.07424437498,36100.38509043358,39420.869438456226,90.60959105906659,43.22288924271561,189.8571132683719,460.06863864467596,291.3850904335777,926.4217480900188
Missouri,0.5,57542.84885714286,43964.0,41869.33185714285,57475.864969873925,43713.7242534898,41861.905898845966,57742.57662361892,43724.89610370275,41631.85271520036,66.98388726893609,250.27574651019677,7.425958296887984,199.72776647606224,239.1038962972525,237.4791419424946
Montana,0.5,58254.98650472335,46468.0,44113.906882591094,58937.64207259605,46225.57969236611,44167.37552330825,58496.4448154033,43433.43065908746,45947.29146032183,682.6555678727018,242.42030763388902,53.4686407171539,241.4583106799546,3034.569340912538,1833.384577730736
Nebraska,0.5,62938.65395787945,51751.5,43866.86129266521,62876.550267183746,51768.85931129076,43805.350717591245,63123.53956498857,52534.16962998572,44565.36378739397,62.103690695701516,17.35931129076198,61.51057507396763,184.88560710912134,782.6696299857213,698.5024947287602
Nevada,0.5,64949.36737000754,54657.0,44575.22569706104,65220.13478986909,54495.156514300994,45018.801411881,65513.08118565134,54534.70850500865,44815.860143725404,270.76741986154957,161.84348569900612,443.57571481996274,563.7138156438014,122.29149499134655,240.63444666436408
New Hampshire,0.5,78389.863878327,68590.0,53216.276045627375,78449.89158100759,68673.3377333458,52563.64646805828,79716.08902713162,68343.76045760652,53306.27988451507,60.02770268058521,83.33773334580474,652.629577569096,1326.2251488046168,246.2395423934795,90.00383888769284
New Jersey,0.5,89249.17429022082,79926.0,58062.17282559712,89255.64218798399,79921.5348243566,58076.36942940793,89672.01922211764,79999.85192682645,58067.666951839754,6.4678977631701855,4.4651756434031995,14.19660381081485,422.8449318968196,73.85192682644993,5.494126242636412
New Mexico,0.5,56187.235,43261.5,42956.05458333333,55702.48673043313,43205.67376098902,43085.2418980263,54478.55189174239,43360.63090781367,42248.080602282454,484.7482695668732,55.826239010981226,129.187314692972,1708.68310825761,99.13090781366918,707.9739810508763
New York,0.5,75745.79503565805,60819.0,53001.25761785681,75758.09609653513,60800.108538714376,52985.78477495062,75759.09971485616,60941.993370443866,53020.85607280188,12.301060877070995,18.891461285624246,15.472842906194273,13.304679198103258,122.9933704438663,19.598454945065896
North Carolina,0.5,58557.675663861875,43739.0,43952.42694787455,58528.55723728454,43639.11727600718,43793.680137382384,58141.1904441873,43457.00104480112,44391.530004139735,29.118426577333594,99.88272399282141,158.7468104921645,416.4852196745778,281.9989551988765,439.10305626518675
North Dakota,0.5,67635.42953586498,56572.0,48591.17130801688,68074.67033231733,57727.845836091095,48269.03208656875,66602.13429236278,58903.2659913242,48695.35670262244,439.2407964523445,1155.8458360910954,322.13922144812386,1033.2952435022016,2331.2659913242023,104.18539460556349
Ohio,0.5,60080.73095732069,47907.5,42999.01192946058,60121.375054026175,47934.328248872655,42987.82329961276,60061.635170479894,48194.57964478275,43024.3813242872,40.644096705487755,26.828248872654513,11.188629847820266,19.095786840793153,287.07964478275244,25.369394826615462
Oklahoma,0.5,56574.45679783469,42745.0,42770.957526545906,56451.34205551474,42747.980209731344,42694.670198004475,56860.10197067319,41785.91395376142,42383.3087580061,123.11474231995089,2.9802097313440754,76.28732854143163,285.6451728385,959.0860462385826,387.6487685398097
Oregon,0.5,63958.41371280725,51082.0,46536.53505821475,64245.499337218556,51077.11459036218,46613.53619433134,63227.120725641646,51376.99515004836,47001.547057694595,287.08562441130925,4.885409637819976,77.0011361165889,731.2929871656015,294.9951500483585,465.01199947984423
Pennsylvania,0.5,65502.47090341834,52457.0,46881.80412371134,65464.36357284325,52481.145226520835,46873.997179356425,65563.26578052448,52593.112354317425,46920.71981831563,38.1073305750906,24.145226520835422,7.806944354917505,60.79487710614194,136.11235431742534,38.91569460428582
Puerto Rico,0.5,27613.839736842107,17349.5,25314.11894736842,27927.23717053849,17277.940776731764,25198.66830174554,27794.659124748254,17079.403589099522,25365.948031934553,313.3974336963838,71.55922326823566,115.45064562288098,180.8193879061473,270.0964109004781,51.829084566132224
Rhode Island,0.5,72224.26940639269,61364.0,51873.56438356164,72295.20322743479,62440.30099574669,51293.73352444808,69149.56096291753,60989.076756942726,47924.82254486617,70.9338210420974,1076.300995746693,579.8308591135647,3074.7084434751596,374.9232430572738,3948.741838695474
South Carolina,0.5,55413.45870560035,41190.0,42930.06580954456,55284.724189601926,41185.41773078098,42832.35157592757,55672.361085907,40606.417347065864,42381.99739654687,128.7345159984252,4.5822692190195085,97.71423361699271,258.90238030665205,583.5826529341357,548.0684129976944
South Dakota,0.5,58639.960876369325,48758.0,42845.255086071986,58718.80207145439,47844.6459248469,42862.552503131716,62896.010878318506,47657.029012463456,45902.406017636444,78.8411950850641,913.3540751531036,17.297417059729923,4256.050001949181,1100.9709875365443,3057.150931564458
Tennessee,0.5,56584.582540203475,41515.0,42720.13849688218,56590.53266322126,41545.64699911485,42762.254726227206,56249.34223503776,42240.19183462519,42893.3137867832,5.95012301778479,30.64699911484786,42.116229345025204,335.24030516571656,725.1918346251914,173.1752899010171
Texas,0.5,65528.01508105524,49835.0,46326.22121778435,65545.68432697226,49810.22086903604,46275.58084263503,65457.62327566808,49633.278069862485,46173.62212767902,17.669245917022636,24.77913096395787,50.64037514931988,70.39180538716028,201.7219301375153,152.5990901053301
Utah,0.5,72216.35826620637,62922.0,47094.02032988109,72218.32460535094,63092.89633437949,46303.91941794957,71561.69458452707,62218.3376612055,47454.83833050897,1.9663391445646994,170.89633437948942,790.1009119315204,654.6636816793034,703.6623387945001,360.81800062787806
Vermont,0.5,65696.36275695285,54891.0,49079.48972188633,65675.98236500123,55722.66084049386,49456.63125809336,63120.315993763936,56664.034069181114,46099.4415357893,20.380391951621277,831.6608404938597,377.14153620702564,2576.0467631889114,1773.0340691811143,2980.048186097032
Virginia,0.5,79932.47650579397,64103.0,50938.72367248186,79955.69565173256,64238.86229868255,50968.38924516997,79628.25252427513,64321.98916648708,50664.3256797814,23.21914593859401,135.86229868255032,29.66557268811448,304.2239815188368,218.9891664870811,274.3979927004548
Washington,0.5,75276.7911576498,64156.0,50702.7310936591,75379.0875145308,64298.25974844903,50647.14507822125,74998.14031886004,63843.39671128747,50715.929846806845,102.2963568809937,142.2597484490325,55.58601543785335,278.65083878976293,312.60328871253296,13.198753147742536
West Virginia,0.5,52394.05379365716,39983.0,41937.77679646728,52759.95418254303,40007.468347921174,41819.86885478653,52118.56291599638,40017.45906715877,41174.95048903393,365.90038888586423,24.468347921174427,117.90794168075081,275.49087766078446,34.459067158772086,762.8263074333518
Wisconsin,0.5,63259.944065281896,52830.5,44564.37759643917,63227.882953207096,52878.89377874686,44553.285855326234,63184.52380869732,52565.799586836154,44433.729645492436,32.061112074799894,48.393778746860335,11.09174111293396,75.42025658457715,264.70041316384595,130.64795094673173
Wyoming,0.5,68398.78313253012,61092.0,46078.24096385542,67305.99458284509,60783.98938883752,46355.01222423063,68861.28304610013,61078.016151758064,40908.83687990954,1092.7885496850358,308.0106111624773,276.77126037520793,462.49991357000545,13.983848241936357,5169.404083945883
Alabama,1.0,53549.83745717548,39615.5,42014.471830985916,53554.33500532433,39594.2302037172,42016.191632289905,53355.7812031204,39348.801193169624,41646.77191911031,4.497548148843634,21.269796282802417,1.7198013039887883,194.0562540550818,266.69880683037627,367.69991187560663
Alaska,1.0,73461.35639810427,67904.0,48921.791469194315,74038.48224481844,68235.50970012236,49084.87850972646,73206.41478123859,68256.70299454853,48161.40884583913,577.1258467141743,331.5097001223621,163.0870405321475,254.94161686567531,352.7029945485265,760.3826233551881
Arizona,1.0,62840.83979244365,48840.0,43943.43197664991,62863.99847099739,48899.78756102647,43988.37500747348,62978.98001575093,48658.77853038179,44094.23618009784,23.158678553736536,59.7875610264673,44.943030823567824,138.1402233072804,181.22146961821272,150.80420344792947
Arkansas,1.0,51109.237562555194,37790.0,40652.412717103325,51153.1171137695,37707.70413229626,40637.614242611,50685.09938837897,37763.26955697694,41144.49782005274,43.87955121430423,82.29586770373862,14.798474492323294,424.1381741762234,26.730443023057887,492.08510294941516
California,1.0,78650.14139350511,65296.0,53898.916542155814,78649.78053518354,65289.87846288814,53876.07527548497,78658.18730355524,65300.41925153528,53924.667865687115,0.36085832156823017,6.121537111859652,22.84126667084638,8.045910050132079,4.419251535276999,25.75132353130175
Colorado,1.0,74432.32472464869,61567.0,49993.99240410179,74375.73052886588,61644.61911528978,50040.59125541175,74376.28529618801,61427.469569305074,50198.86133056348,56.59419578280358,77.6191152897809,46.59885130996554,56.03942846067366,139.5304306949256,204.86892646169144
Connecticut,1.0,88084.28671721427,79490.0,57656.458298230835,88131.4795978546,79463.91463029617,57658.624957889646,88018.53280156714,78955.51635595548,57158.99078240314,47.19288064033026,26.085369703825563,2.1666596588111133,65.75391564713209,534.4836440445215,497.467515827695
Delaware,1.0,73794.47591743119,59351.0,51592.26834862385,74407.96627387925,59401.49404030522,51474.35131717177,74575.12605154126,59789.49271070925,53787.60125750664,613.4903564480628,50.49404030521691,117.91703145208157,780.6501341100666,438.4927107092517,2195.3329088827886
District of Columbia,1.0,91846.43492063491,75776.5,62716.184126984124,91785.6014892576,75668.98521018478,62385.66720858198,92874.79836340302,76044.72863262489,64005.02192263028,60.83343137730844,107.51478981522087,330.51691840214335,1028.36344276811,268.2286326248868,1288.8377956461554
Florida,1.0,61724.72185111633,46591.0,46013.25010531383,61723.7291727086,46579.25710565199,45963.191002919746,61668.420440992515,46542.12055113687,46122.61218733373,0.9926784077324555,11.74289434801176,50.05910239408695,56.301410123815,48.879448863131984,109.36208201989939
Georgia,1.0,60445.872205253516,44089.0,45191.57617593158,60467.70408824846,44070.386606008906,45185.30534255273,60515.16683573122,44137.07425391265,45442.51402456436,21.831882994942134,18.6133939910942,6.2708333788468735,69.29463047770696,48.07425391265133,250.93784863278415
Hawaii,1.0,78819.7327523602,70749.0,52318.05591866376,79184.18820665445,70693.24485047223,52455.19403750437,79206.37791548585,70977.1337917991,52447.98494628679,364.45545429424965,55.75514952777303,137.1381188406085,386.64516312564956,228.13379179910407,129.9290276230313
Idaho,1.0,56377.80990629183,45317.5,41945.33266398929,56548.631295163475,45028.31184023764,41788.120239494114,57028.028786790834,45190.54461199075,42644.45250890822,170.82138887164183,289.1881597623578,157.2124244951774,650.2188804990001,126.95538800924987,699.1198449189324
Illinois,1.0,69947.43727298127,55841.0,48945.17700474993,69884.36553232033,55821.60868839658,48905.02307395537,69898.65298924758,55865.31426627837,48943.71576843967,63.0717406609474,19.391311603416398,40.1539307945568,48.78428373369388,24.314266278372088,1.4612363102569361
Indiana,1.0,58199.19086900868,47864.0,41537.10339923197,58226.67022072887,47822.22447379277,41539.01677909879,58440.410218315716,48028.17544142461,41254.83239416776,27.479351720190607,41.77552620723145,1.9133798668190138,241.2193493070372,164.17544142460974,282.27100506421266
Iowa,1.0,61412.062403528114,51400.0,43846.59073869901,61478.22044993176,51394.92343928447,43892.58345359896,61206.766518105054,51564.614131067254,43441.585310639646,66.15804640364513,5.07656071553356,45.9927148999559,205.2958854230601,164.61413106725377,405.0054280593613
Kansas,1.0,60683.55727391874,48494.0,42323.00917431193,60669.56984804859,48461.41068556012,42327.98568706432,60454.19433144244,48334.587693102985,42460.397307266045,13.987425870152947,32.58931443987967,4.976512752393319,229.36294247629849,159.4123068970148,137.3881329541182
Kentucky,1.0,55199.07072335281,40887.0,42072.66512190208,55213.72048584554,40803.626865299564,42084.85547302725,55231.0682147066,40824.50114163656,42612.331649510365,14.649762492728769,83.37313470043591,12.190351125173038,31.99749135379534,62.49885836344038,539.6665276082858
Louisiana,1.0,56549.06440877056,41661.0,45400.669929522315,56610.71165975148,41690.89129249756,45420.45579443381,56627.57290451354,41739.10525226423,45709.75569339575,61.64725098092458,29.891292497559334,19.785864911493263,78.508495742979,78.1052522642276,309.0857638734378
Maine,1.0,60176.52541296061,47477.0,46066.034942820836,60237.27197962732,47473.9215106211,46130.82666317867,59671.81909213007,48163.54698110151,46326.75675800516,60.74656666671217,3.0784893789023045,64.79172035783267,504.7063208305408,686.5469811015064,260.72181518432626
Maryland,1.0,87913.69387058221,79395.0,55087.99453645211,87852.16966292096,79421.42854812466,55189.206453813196,87704.41376441199,79267.94562139796,55288.332687278176,61.52420766124851,26.428548124662484,101.21191736108449,209.28010617021937,127.05437860204256,200.33815082606452
Massachusetts,1.0,84740.10655737705,74480.0,57614.56780923994,84761.3655699455,74520.92868185887,57551.111807562185,84495.99714097976,74238.64542910161,57628.78152174851,21.259012568451,40.92868185887346,63.4560016777541,244.10941639728844,241.35457089838746,14.213712508571916
Michigan,1.0,59765.45665133708,46981.0,43122.64699369784,59760.84454459387,46982.22899988342,43162.01828774248,59651.1475028811,47026.01498668203,43254.788157666684,4.612106743210461,1.2289998834166909,39.37129404464213,114.30914845598454,45.01498668202839,132.14116396884492
Minnesota,1.0,71721.56747891284,58436.0,49248.96501093408,71740.48274013521,58438.44198804146,49239.29484711336,71691.60854166368,58473.999938473484,49447.21032957538,18.915261222369736,2.44198804145708,9.670163820723246,29.958937249160954,37.99993847348378,198.24531864129676
Mississippi,1.0,49090.0056057303,35809.0,40347.291186546245,49275.233686101106,35827.01803759351,40229.43117524985,48936.719027288054,36648.271623260305,40327.929373570674,185.2280803708054,18.01803759350878,117.86001129639772,153.28657844224654,839.2716232603052,19.3618129755705
Missouri,1.0,57542.84885714286,43964.0,41869.33185714285,57531.485677547804,43967.50523746042,41979.002599009866,57493.49820968122,44223.432171849054,42295.891232892536,11.363179595056863,3.505237460420176,109.67074186701211,49.35064746164426,259.4321718490537,426.55937574968266
Montana,1.0,58254.98650472335,46468.0,44113.906882591094,58508.315570873085,46481.64324435531,44090.528865113956,57411.28161234692,46609.30085242854,44156.51237586568,253.32906614973763,13.643244355313072,23.3780174771382,843.7048923764305,141.30085242853966,42.60549327458284
Nebraska,1.0,62938.65395787945,51751.5,43866.86129266521,63032.804536792675,51433.88211369012,43841.017730036256,62659.234528570676,51518.692220599514,43724.37404103681,94.15057891322795,317.61788630988303,25.843562628957443,279.4194293087712,232.80777940048574,142.48725162840128
Nevada,1.0,64949.36737000754,54657.0,44575.22569706104,64999.636243212546,54716.44826408425,44450.77518152074,64651.54097480922,54109.67270133448,44480.047264910325,50.268873205008276,59.44826408424706,124.45051554030215,297.8263951983172,547.3272986655211,95.1784321507148
New Hampshire,1.0,78389.863878327,68590.0,53216.276045627375,78414.71153601613,68635.81290177134,53023.46813677196,78722.38965444869,68078.57214334297,53230.47568416367,24.84765768912621,45.81290177133633,192.807908855415,332.5257761216926,511.4278566570283,14.199638536294515
New Jersey,1.0,89249.17429022082,79926.0,58062.17282559712,89259.54375556145,79955.24889007484,58070.68677791755,89147.29447013739,80006.23404317613,58169.9626590006,10.369465340627357,29.248890074843075,8.513952320434328,101.87982008342806,80.23404317612585,107.7898334034835
New Mexico,1.0,56187.235,43261.5,42956.05458333333,56401.99816776323,43297.67763802578,42955.00205826869,56367.58021488992,43355.374381210866,43257.250443825804,214.76316776323074,36.17763802577974,1.0525250646387576,180.34521488991595,93.87438121086598,301.195860492473
New York,1.0,75745.79503565805,60819.0,53001.25761785681,75747.32976134027,60820.790752093875,53005.857235545045,75760.79959347521,60821.075294482376,53006.917342924964,1.5347256822133204,1.7907520938751986,4.599617688232684,15.004557817155728,2.0752944823761936,5.659725068151602
North Carolina,1.0,58557.675663861875,43739.0,43952.42694787455,58598.96396800429,43774.85384242202,43904.26769754712,58702.83320450858,43820.28169571985,43901.7206161197,41.288304142413836,35.853842422016896,48.15925032742962,145.15754064670182,81.281695719852,50.70633175484545
North Dakota,1.0,67635.42953586498,56572.0,48591.17130801688,67297.4585846457,56700.34334235233,48519.721061216485,67746.92067095895,56783.061744852566,47247.338509366156,337.9709512192785,128.3433423523311,71.45024680039205,111.49113509396557,211.06174485256633,1343.832798650721
Ohio,1.0,60080.73095732069,47907.5,42999.01192946058,60057.27318217343,47917.1411993205,42998.792714351766,60006.099017693625,47852.70937405007,43049.284875901496,23.45777514726069,9.641199320496526,0.21921510881657014,74.63193962706282,54.79062594992865,50.272946440913074
Oklahoma,1.0,56574.45679783469,42745.0,42770.957526545906,56537.67906431396,42746.87429577289,42716.06798072983,56857.00456872913,42610.26516379054,42695.798465097774,36.77773352072836,1.8742957728900365,54.88954581607686,282.54777089443814,134.73483620946354,75.15906144813198
Oregon,1.0,63958.41371280725,51082.0,46536.53505821475,63960.49740197906,51045.152515589914,46540.02712550288,64263.488333679816,51677.63561483389,47179.73550688391,2.083689171813603,36.8474844100856,3.4920672881271457,305.07462087256863,595.6356148338891,643.2004486691585
Pennsylvania,1.0,65502.47090341834,52457.0,46881.80412371134,65505.438265771634,52455.33152590793,46893.230332887804,65536.89860777649,52387.124827925036,46795.91633515733,2.9673623532944475,1.6684740920682088,11.42620917646127,34.427704358146,69.87517207496421,85.88778855401324
Puerto Rico,1.0,27613.839736842107,17349.5,25314.11894736842,27542.548596243472,17299.994272713415,25270.46542223252,27432.92749515177,17252.03905922503,24843.121342164,71.29114059863423,49.50572728658517,43.65352513590187,180.9122416903374,97.46094077497037,470.99760520442214
Rhode Island,1.0,72224.26940639269,61364.0,51873.56438356164,71904.77041288644,60043.871473670835,51742.912218159,73922.70922455263,61355.43587881528,51961.6934844289,319.49899350624764,1320.1285263291647,130.65216540264373,1698.439818159939,8.564121184717806,88.12910086725606
South Carolina,1.0,55413.45870560035,41190.0,42930.06580954456,55435.23665674558,41200.487883219546,42946.51831104356,55438.91548126441,41042.65539137447,42974.54570868824,21.777951145231782,10.487883219546347,16.45250149899948,25.456775664060842,147.34460862552805,44.47989914367645
South Dakota,1.0,58639.960876369325,48758.0,42845.255086071986,58672.68692395996,48661.897815914686,42631.63160098969,60355.51054473277,48750.197777336776,44252.900298321074,32.72604759063688,96.10218408531364,213.6234850822948,1715.5496683634483,7.802222663223802,1407.6452122490882
Tennessee,1.0,56584.582540203475,41515.0,42720.13849688218,56583.524160156034,41473.54419816852,42740.222387616916,56859.04861815967,41612.04902924794,43021.72448915578,1.0583800474414602,41.45580183147831,20.083890734735178,274.4660779561964,97.04902924793714,301.5859922735981
Texas,1.0,65528.01508105524,49835.0,46326.22121778435,65550.83258569245,49836.7904365926,46325.92743179242,65524.240099311755,49878.156657396954,46328.21677605477,22.81750463721255,1.7904365926005994,0.293785991925688,3.774981743481476,43.15665739695396,1.995558270420588
Utah,1.0,72216.35826620637,62922.0,47094.02032988109,72221.69253077346,62976.490795967424,47071.789588753236,71745.78766823062,62687.694874304856,47823.92229032683,5.3342645670927595,54.490795967423765,22.230741127852525,470.57059797574766,234.30512569514394,729.9019604457426
Vermont,1.0,65696.36275695285,54891.0,49079.48972188633,65798.43415065603,54516.33553825829,49121.12471836745,64137.242553527816,55649.40327221526,48245.52032186834,102.07139370318328,374.6644617417114,41.634996481116104,1559.120203425031,758.4032722152624,833.9694000179952
Virginia,1.0,79932.47650579397,64103.0,50938.72367248186,79981.84160827876,64181.243842990756,50931.454365246034,79891.78957239266,64057.31045149607,51064.78029103756,49.36510248479317,78.2438429907561,7.269307235823362,40.68693340130267,45.689548503927654,126.05661855570361
Washington,1.0,75276.7911576498,64156.0,50702.7310936591,75264.2145874538,64060.891467787835,50787.41176995945,75247.53877076761,64046.759281862134,50897.666104519194,12.576570196004468,95.1085322121653,84.68067630034784,29.252386882188148,109.24071813786577,194.935010860092
West Virginia,1.0,52394.05379365716,39983.0,41937.77679646728,52568.63691670016,39985.19379515621,41942.685539826125,53032.93221493747,40233.39636678023,41988.22619555052,174.5831230429976,2.193795156206761,4.908743358842912,638.8784212803075,250.3963667802309,50.44939908323431
Wisconsin,1.0,63259.944065281896,52830.5,44564.37759643917,63337.17777477958,52867.301864224566,44617.83209143835,63650.78186680402,52819.22711393601,44248.670062277146,77.23370949768287,36.80186422456609,53.454494999183225,390.8378015221242,11.272886063990882,315.70753416202206
Wyoming,1.0,68398.78313253012,61092.0,46078.24096385542,68171.99453681853,61684.50957463202,46429.74210038629,69667.63220221156,60448.19274964742,45101.12342124488,226.7885957115941,592.5095746320221,351.50113653086737,1268.8490696814406,643.8072503525764,977.1175426105401
Alabama,2.0,53549.83745717548,39615.5,42014.471830985916,53503.165522840194,39604.8293606903,42010.47823562529,53566.630027632214,39657.32886036678,41868.24394671774,46.671934335288825,10.670639309697435,3.993595360625477,16.792570456731482,41.828860366782465,146.22788426817715
Alaska,2.0,73461.35639810427,67904.0,48921.791469194315,73237.39349637694,67927.45093888909,48952.20388803217,73861.12721575353,68223.71706433858,49259.5300525893,223.96290172732552,23.45093888908741,30.412418837855512,399.7708176492597,319.71706433857617,337.7385833949884
Arizona,2.0,62840.83979244365,48840.0,43943.43197664991,62868.19096601792,48833.85162494668,43975.12051557612,62864.72573988614,48817.32839851784,43978.19701177719,27.351173574272252,6.148375053322525,31.68853892620973,23.88594744248985,22.671601482157712,34.76503512728232
Arkansas,2.0,51109.237562555194,37790.0,40652.412717103325,51102.62389982564,37787.57694088838,40641.89005251907,51251.416773301105,37702.97899160254,40932.33570247031,6.613662729556381,2.4230591116211144,10.522664584255836,142.1792107459114,87.02100839745981,279.9229853669822
California,2.0,78650.14139350511,65296.0,53898.916542155814,78660.32378153592,65292.67041065029,53897.429267546824,78689.24662591741,65315.66724144207,53914.21310238403,10.182388030807488,3.329589349712478,1.4872746089895372,39.10523241230112,19.66724144206819,15.296560228212911
Colorado,2.0,74432.32472464869,61567.0,49993.99240410179,74459.77783539398,61533.5937386357,49999.86381084987,74598.82420358564,61558.42399611976,50167.22352690917,27.45311074529309,33.40626136429637,5.8714067480832455,166.49947893695207,8.576003880240023,173.23112280738133
Connecticut,2.0,88084.28671721427,79490.0,57656.458298230835,88093.11978144776,79513.9053890793,57684.97478217274,87954.33853962611,79245.30215773224,57759.092972166334,8.833064233491314,23.90538907930022,28.51648394190852,129.9481775881577,244.69784226776392,102.63467393549945
Delaware,2.0,73794.47591743119,59351.0,51592.26834862385,74259.46554850755,59237.22008050737,51727.69679234612,73075.93891995001,58681.85176793377,51506.36095030108,464.9896310763579,113.7799194926265,135.42844372226682,718.5369974811765,669.1482320662326,85.90739832277177
District of Columbia,2.0,91846.43492063491,75776.5,62716.184126984124,91865.63317548342,75668.66648503557,62914.31000063982,90949.56306189955,75775.01713761715,61369.82651472937,19.19825484851026,107.83351496442629,198.12587365569925,896.8718587353651,1.4828623828507261,1346.357612254753
Florida,2.0,61724.72185111633,46591.0,46013.25010531383,61738.02136985019,46591.907337568846,46039.6671592278,61712.01018567724,46584.32815851728,45976.22795817473,13.299518733860168,0.9073375688458327,26.41705391396681,12.71166543909203,6.671841482719174,37.02214713910507
Georgia,2.0,60445.872205253516,44089.0,45191.57617593158,60463.48058789219,44083.497503082624,45230.41176788106,60343.042486017475,44058.315673504105,45136.349856714034,17.60838263867481,5.502496917375538,38.83559194947884,102.82971923604055,30.68432649589522,55.2263192175451
Hawaii,2.0,78819.7327523602,70749.0,52318.05591866376,78865.02749038047,70669.4853058363,52333.7754791726,78719.22202553286,70699.37737976952,52306.17044779933,45.29473802026769,79.51469416370674,15.719560508834547,100.5107268273423,49.622620230482426,11.885470864428498
Idaho,2.0,56377.80990629183,45317.5,41945.33266398929,56412.71304503762,45432.556914228844,42007.642707162646,56594.136066153806,45155.58127804247,42098.294825180965,34.903138745787146,115.05691422884411,62.31004317335464,216.32615986197197,161.9187219575324,152.96216119167366
Illinois,2.0,69947.43727298127,55841.0,48945.17700474993,69946.46011209968,55840.85858848052,48942.40441919572,69915.74208281319,55841.4437228865,49013.00266402119,0.9771608815935906,0.14141151947842445,2.77258555420849,31.69519016808772,0.4437228864990175,67.82565927125688
Indiana,2.0,58199.19086900868,47864.0,41537.10339923197,58209.18530196348,47850.22827432937,41540.43098010838,58186.57937761882,47851.7225350054,41535.16539049398,9.994432954801596,13.771725670630985,3.3275808764083195,12.611491389856383,12.27746499460045,1.938008737990458
Iowa,2.0,61412.062403528114,51400.0,43846.59073869901,61410.998107133666,51453.40627934071,43836.40324650536,61339.96767755219,51298.466752529595,44004.226280787974,1.06429639444832,53.40627934070653,10.187492193646904,72.09472597592685,101.5332474704046,157.63554208896676
Kansas,2.0,60683.55727391874,48494.0,42323.00917431193,60724.44920284782,48414.47665987335,42321.20834102516,60907.828274714055,48640.64589451058,42295.164835163545,40.89192892907886,79.52334012665233,1.8008332867684658,224.27100079531374,146.6458945105769,27.84433914838155
Kentucky,2.0,55199.07072335281,40887.0,42072.66512190208,55198.293356333954,40880.45383285047,42099.05776540728,55292.375553197395,40881.03286923561,41997.080371142605,0.7773670188544202,6.546167149528628,26.392643505198066,93.3048298445865,5.967130764387548,75.58475075947354
Louisiana,2.0,56549.06440877056,41661.0,45400.669929522315,56544.80470812001,41698.3247879691,45414.60949360208,56465.775579582696,41686.63429744451,45354.20933400808,4.25970065054571,37.32478796909709,13.93956407976657,83.28882918786258,25.634297444506956,46.46059551423241
Maine,2.0,60176.52541296061,47477.0,46066.034942820836,60185.94894256438,47385.60438147621,45943.217896582195,59814.284186088546,47438.535177820246,46335.44493553352,9.423529603765928,91.3956185237912,122.81704623864061,362.24122687206545,38.464822179754265,269.40999271268083
Maryland,2.0,87913.69387058221,79395.0,55087.99453645211,87918.17243404515,79410.64239894284,55122.27557832443,87945.83736265382,79430.48877968622,54932.6407047224,4.478563462937018,15.642398942844011,34.281041872316564,32.143492071612854,35.48877968621673,155.35383172971342
Massachusetts,2.0,84740.10655737705,74480.0,57614.56780923994,84736.43282862222,74461.18868028552,57578.22111810443,84810.48797832934,74524.56347287797,57765.44418007298,3.673728754831245,18.811319714484853,36.34669113550626,70.38142095229705,44.563472877969616,150.87637083303707
Michigan,2.0,59765.45665133708,46981.0,43122.64699369784,59746.81907435973,47004.18482212717,43146.41052842032,59623.99690451346,47043.79481561694,43178.123729793355,18.637576977351273,23.184822127172083,23.763534722478653,141.4597468236243,62.79481561693683,55.47673609551566
Minnesota,2.0,71721.56747891284,58436.0,49248.96501093408,71729.53121240358,58452.47671546877,49213.82556009381,71773.07250563751,58503.62957695179,49358.229081452584,7.963733490745653,16.476715468772454,35.13945084027364,51.50502672466973,67.6295769517892,109.26407051850401
Mississippi,2.0,49090.0056057303,35809.0,40347.291186546245,49091.27748777984,35831.55807813711,40364.03193944128,49274.841594346784,35656.08611992434,40352.76330800347,1.271882049535634,22.558078137109987,16.740752895035257,184.83598861648352,152.91388007566275,5.472121457227331
Missouri,2.0,57542.84885714286,43964.0,41869.33185714285,57575.83481902575,43976.79043856771,41870.58834591261,57530.380382344054,43836.17467450954,41883.259490024924,32.9859618828923,12.790438567710225,1.2564887697590166,12.46847479880671,127.825325490463,13.927632882070611
Montana,2.0,58254.98650472335,46468.0,44113.906882591094,58287.160672702244,46365.823655369226,44129.40955894612,58055.3028957936,46163.12456389066,43973.01154295368,32.17416797889746,102.17634463077411,15.502676355026779,199.68360892975033,304.8754361093379,140.8953396374127
Nebraska,2.0,62938.65395787945,51751.5,43866.86129266521,62994.26989210356,51754.10342289401,43872.425840086886,63165.17142476677,52043.6314269005,43844.80585333459,55.615934224115335,2.603422894011601,5.564547421672614,226.51746688732237,292.13142690050154,22.055439330622903
Nevada,2.0,64949.36737000754,54657.0,44575.22569706104,64973.285801455815,54762.34468955051,44580.542204121135,64760.18196638982,54677.42622561587,44687.79690751444,23.91843144827726,105.34468955051125,5.316507060095319,189.18540361771738,20.426225615869043,112.57121045340318
New Hampshire,2.0,78389.863878327,68590.0,53216.276045627375,78855.45767502309,68588.1766566163,53424.944601082454,78806.6529352218,67771.94415560576,53034.71415052867,465.5937966960919,1.8233433837012853,208.6685554550786,416.789056894806,818.0558443942427,181.56189509870455
New Jersey,2.0,89249.17429022082,79926.0,58062.17282559712,89220.47920268559,79939.72375187145,58078.70270322128,89170.9664636961,79889.99127092348,57966.884421088515,28.69508753523405,13.723751871453715,16.5298776241616,78.20782652472553,36.008729076522286,95.28840450860298
New Mexico,2.0,56187.235,43261.5,42956.05458333333,56216.70666611924,43184.851047115386,42943.30124476394,55979.855380137975,42994.5241684104,43055.30938045677,29.471666119236033,76.64895288461412,12.753338569389598,207.37961986202572,266.97583158960333,99.25479712343804
New York,2.0,75745.79503565805,60819.0,53001.25761785681,75742.26018429379,60812.83775906156,53002.86829841185,75751.41810729748,60791.33514373066,52975.77954472913,3.5348513642675243,6.162240938443574,1.6106805550371064,5.623071639420232,27.66485626933718,25.478073127684183
North Carolina,2.0,58557.675663861875,43739.0,43952.42694787455,58540.184700114514,43723.01287210604,43930.91196456154,58619.172083881145,43731.41225013421,44022.86769234093,17.490963747361093,15.98712789396086,21.51498331300536,61.49642001926986,7.5877498657864635,70.44074446638115
North Dakota,2.0,67635.42953586498,56572.0,48591.17130801688,67498.72683151634,56683.48099771547,48518.90213601695,68387.50296474241,57154.255698260684,48349.014929304285,136.70270434864506,111.48099771547277,72.2691719999275,752.0734288774256,582.2556982606839,242.1563787125924
Ohio,2.0,60080.73095732069,47907.5,42999.01192946058,60048.81598782257,47909.92652460435,42982.34394865818,60096.299146404606,47861.683435141866,43051.21389115718,31.91496949811699,2.4265246043505613,16.66798080240551,15.568189083918696,45.81656485813437,52.20196169659903
Oklahoma,2.0,56574.45679783469,42745.0,42770.957526545906,56602.43397396112,42782.01765884878,42751.23785000543,56613.28798657207,42552.52704036053,42992.69616942264,27.977176126427366,37.01765884878114,19.7196765404733,38.8311887373784,192.47295963946817,221.73864287673496
Oregon,2.0,63958.41371280725,51082.0,46536.53505821475,64006.77713514313,51089.277250002604,46514.41806908014,63860.76522344496,50742.952152498125,46682.42521730333,48.363422335882206,7.277250002603978,22.116989134614414,97.64848936228373,339.04784750187537,145.89015908857982
Pennsylvania,2.0,65502.47090341834,52457.0,46881.80412371134,65503.5398451644,52454.92970684859,46882.61594060332,65586.84421646994,52476.55862205764,46889.61106747862,1.0689417460598634,2.0702931514097145,0.811816891975468,84.3733130515975,19.558622057636967,7.806943767274788
Puerto Rico,2.0,27613.839736842107,17349.5,25314.11894736842,27596.370072268255,17263.641264419326,25315.963366505643,27408.94065870913,17541.420320704077,25564.950292072717,17.469664573851333,85.85873558067397,1.8444191372218484,204.8990781329776,191.9203207040773,250.8313447042965
Rhode Island,2.0,72224.26940639269,61364.0,51873.56438356164,72009.7469581644,61389.438296229244,51757.10100197075,72463.39074603497,61224.15119482515,51800.38041674347,214.5224482282938,25.43829622924386,116.46338159089646,239.1213396422827,139.84880517484999,73.18396681817103
South Carolina,2.0,55413.45870560035,41190.0,42930.06580954456,55401.662314129324,41201.8800440477,42884.21706865514,55315.59333174197,41018.21132474468,42939.991169593086,11.796391471027164,11.880044047698902,45.848740889421606,97.86537385838164,171.78867525531678,9.925360048524453
South Dakota,2.0,58639.960876369325,48758.0,42845.255086071986,58741.594069398496,48608.69513512179,42846.50369638992,58413.00886705293,48788.24240103732,43445.70197171755,101.6331930291708,149.30486487821327,1.2486103179326165,226.95200931639556,30.242401037321542,600.4468856455642
Tennessee,2.0,56584.582540203475,41515.0,42720.13849688218,56599.22345866611,41522.71094078746,42792.673148011425,56505.379336269245,41484.08488692926,42757.23303314085,14.640918462631817,7.710940787459549,72.5346511292446,79.20320393423026,30.915113070739608,37.094536258671724
Texas,2.0,65528.01508105524,49835.0,46326.22121778435,65529.477765213895,49829.29492832507,46328.402726637185,65518.552242651196,49806.04868299962,46363.77127241978,1.4626841586577939,5.705071674929059,2.1815088528383058,9.462838404040667,28.951317000377458,37.55005463543057
Utah,2.0,72216.35826620637,62922.0,47094.02032988109,72264.27203812228,62934.545796740706,47114.951275159605,71859.99297188513,62676.419195025934,47380.960366719184,47.91377191590436,12.545796740705555,20.930945278516447,356.36529432123643,245.58080497406627,286.9400368380957
Vermont,2.0,65696.36275695285,54891.0,49079.48972188633,65903.446181672,54904.20709102989,49083.87143684569,66406.83765913927,54201.74590259583,47402.079544010834,207.0834247191524,13.20709102989349,4.38171495935967,710.4749021864263,689.2540974041694,1677.4101778754994
Virginia,2.0,79932.47650579397,64103.0,50938.72367248186,79936.37852549879,64121.28346419093,50953.61038337744,79988.60846629225,64069.294487263855,50961.341659863356,3.902019704823033,18.2834641909285,14.886710895581928,56.13196049828548,33.705512736145465,22.617987381498097
Washington,2.0,75276.7911576498,64156.0,50702.7310936591,75322.70105143683,64148.76792367779,50708.22990772769,75232.98828377394,64043.22375695454,50652.40857562508,45.90989378702943,7.232076322208741,5.498814068589127,43.802873875858495,112.77624304546043,50.32251803402323
West Virginia,2.0,52394.05379365716,39983.0,41937.77679646728,52439.78535185542,39885.53727118852,41786.30779556014,52297.28591864796,39865.88230124952,42042.91708502883,45.73155819825479,97.46272881147888,151.4690009071419,96.76787500920182,117.11769875048049,105.14028856154619
Wisconsin,2.0,63259.944065281896,52830.5,44564.37759643917,63266.2867673347,52823.805577814805,44533.58830507899,63153.07838171062,52701.61764800609,44579.79417167408,6.342702052803361,6.694422185195435,30.78929136017541,106.86568357127544,128.88235199391056,15.41657523491449
Wyoming,2.0,68398.78313253012,61092.0,46078.24096385542,68355.7940336532,60944.188818771036,46459.89710509966,68209.18948843922,60483.90195886352,45374.17278943209,42.98909887691843,147.81118122896441,381.6561412442388,189.59364409089903,608.0980411364799,704.068174423337
Alabama,5.0,53549.83745717548,39615.5,42014.471830985916,53559.301739678725,39582.20526966975,42017.82949336032,53521.71624129316,39611.41493673054,41955.13340400143,9.46428250324243,33.29473033024988,3.357662374401116,28.121215882325487,4.085063269456441,59.338426984482794
Alaska,5.0,73461.35639810427,67904.0,48921.791469194315,73482.65452551894,67865.38233214254,48893.49272261911,73695.0041140383,67957.77855085631,49067.72893234901,21.298127414673218,38.61766785745567,28.298746575208497,233.64771593402838,53.778550856310176,145.93746315469616
Arizona,5.0,62840.83979244365,48840.0,43943.43197664991,62845.611624323545,48834.85212153076,43947.04561256807,62791.38424919586,48883.61801949187,44009.92214513132,4.771831879894307,5.147878469237185,3.61363591816189,49.455543247793685,43.618019491870655,66.49016848141036
Arkansas,5.0,51109.237562555194,37790.0,40652.412717103325,51126.56956017696,37816.7834356989,40691.18792407827,51045.89454193969,37865.78686581994,40667.64585579133,17.331997621768096,26.783435698896938,38.77520697494765,63.34302061550261,75.78686581993679,15.233138688003237
California,5.0,78650.14139350511,65296.0,53898.916542155814,78650.85816105019,65295.47381594635,53889.41705913688,78655.90394733375,65284.22973407415,53902.64138347436,0.7167675450764364,0.5261840536477393,9.499483018931642,5.762553828637465,11.770265925850254,3.7248413185443496
Colorado,5.0,74432.32472464869,61567.0,49993.99240410179,74408.15070991273,61583.974661581895,50010.455181088575,74413.746625771,61567.76936351882,49978.389806583145,24.17401473595237,16.974661581894907,16.462776986787503,18.57809887768235,0.7693635188188637,15.602597518642142
Connecticut,5.0,88084.28671721427,79490.0,57656.458298230835,88082.479556612,79496.18368792186,57645.0703603403,88037.64886791953,79433.99258797712,57605.89108407184,1.807160602271324,6.183687921860837,11.387937890533067,46.63784929474059,56.00741202288191,50.56721415899665
Delaware,5.0,73794.47591743119,59351.0,51592.26834862385,73769.82727561712,59359.60245936246,51525.72439677568,73366.9653889502,59134.996843762354,51605.52177589043,24.648641814070288,8.60245936246065,66.54395184817258,427.5105284809979,216.00315623764618,13.25342726657982
District of Columbia,5.0,91846.43492063491,75776.5,62716.184126984124,91833.52877203414,75777.06564115387,62718.59590975187,92041.87091659884,76398.70108897498,62765.542702445004,12.906148600770393,0.5656411538657267,2.4117827677473542,195.43599596392596,622.2010889749799,49.358575460879365
Florida,5.0,61724.72185111633,46591.0,46013.25010531383,61720.275095411336,46594.86142266949,46001.34993986994,61723.569100804474,46584.014010396415,46033.35960748389,4.446755704993848,3.8614226694917306,11.900165443890728,1.1527503118559252,6.98598960358504,20.109502170060296
Georgia,5.0,60445.872205253516,44089.0,45191.57617593158,60450.16505863965,44078.90691544493,45198.914859785065,60483.204015019226,44095.45754188718,45192.81533887194,4.292853386134084,10.093084555068344,7.338683853486145,37.331809765710204,6.457541887182742,1.239162940357346
Hawaii,5.0,78819.7327523602,70749.0,52318.05591866376,78843.32619332401,70673.13627338158,52294.34420938518,78675.84357451343,70539.69917273938,52209.1947519138,23.59344096381392,75.86372661842324,23.71170927858475,143.88917784676596,209.30082726062392,108.86116674996447
Idaho,5.0,56377.80990629183,45317.5,41945.33266398929,56397.34422110631,45330.611891808985,41932.5197606859,56385.1396486533,45225.04525604296,42035.10473352509,19.534314814474783,13.111891808985092,12.812903303391067,7.329742361464014,92.45474395703786,89.77206953580026
Illinois,5.0,69947.43727298127,55841.0,48945.17700474993,69944.65988604462,55839.92721753641,48945.084695591046,69935.82999959755,55838.10074202308,48958.453703128005,2.777386936650146,1.0727824635905563,0.09230915888474556,11.607273383720894,2.8992579769183067,13.276698378074798
Indiana,5.0,58199.19086900868,47864.0,41537.10339923197,58199.947154169844,47856.22719996038,41531.40395092769,58214.818274136305,47862.19103012586,41542.25453447056,0.7562851611655788,7.772800039616413,5.69944830427994,15.627405127626844,1.808969874138711,5.151135238585994
Iowa,5.0,61412.062403528114,51400.0,43846.59073869901,61405.39940066767,51372.46131224715,43837.58614506233,61478.900115630495,51370.290725612904,43855.25158156643,6.663002860441338,27.53868775285082,9.00459363668051,66.83771210238046,29.70927438709623,8.660842867422616
Kansas,5.0,60683.55727391874,48494.0,42323.00917431193,60628.45176179136,48487.645063063406,42323.45478820588,60758.22094088527,48496.66107782761,42307.544863007926,55.1055121273821,6.354936936593731,0.4456138939567609,74.66366696653131,2.6610778276080964,15.464311304000148
Kentucky,5.0,55199.07072335281,40887.0,42072.66512190208,55229.25953970893,40880.93116620063,42067.51268994557,55154.2002158072,40852.77478516594,42014.604415278736,30.188816356123425,6.068833799370623,5.152431956506916,44.870507545609144,34.22521483406308,58.06070662334241
Louisiana,5.0,56549.06440877056,41661.0,45400.669929522315,56560.90006316492,41663.99248663032,45404.1602558077,56566.83958045692,41567.064655568545,45347.3976310492,11.835654394359153,2.9924866303190356,3.4903262853840715,17.775171686364047,93.93534443145472,53.27229847311537
Maine,5.0,60176.52541296061,47477.0,46066.034942820836,60203.33646949369,47564.2667244573,46036.09650608616,59945.86241737072,47547.81109913731,45812.211557449315,26.811056533078954,87.26672445730219,29.938436734671996,230.66299558988976,70.81109913731052,253.823385371521
Maryland,5.0,87913.69387058221,79395.0,55087.99453645211,87910.01760993073,79397.3782177482,55081.53280659401,87837.93728986326,79452.40527459234,55038.59866689577,3.6762606514821528,2.3782177482062252,6.461729858099716,75.75658071895305,57.40527459233999,49.395869556341495
Massachusetts,5.0,84740.10655737705,74480.0,57614.56780923994,84743.06227389025,74475.49449142466,57603.281256811126,84802.13492587263,74503.98386124337,57586.02429723313,2.9557165131991496,4.505508575341082,11.286552428813593,62.02836849557934,23.983861243366846,28.54351200680685
Michigan,5.0,59765.45665133708,46981.0,43122.64699369784,59762.578481614364,46982.90001134887,43118.616795982525,59752.704537317724,46961.04020417684,43116.19101653296,2.878169722716848,1.9000113488727948,4.030197715313989,12.752114019356668,19.959795823160675,6.455977164878277
Minnesota,5.0,71721.56747891284,58436.0,49248.96501093408,71717.05265367393,58426.140297518155,49259.13270303776,71664.99292134686,58466.82680079469,49304.699331521784,4.51482523890445,9.859702481844579,10.167692103677837,56.574557565982104,30.826800794689916,55.73432058770413
Mississippi,5.0,49090.0056057303,35809.0,40347.291186546245,49092.13308663434,35830.952219823215,40335.80999670435,49155.79299970583,35833.28856301385,40379.91208873203,2.127480904040567,21.952219823215273,11.481189841892046,65.78739397553,24.288563013848034,32.62090218578669
Missouri,5.0,57542.84885714286,43964.0,41869.33185714285,57543.785096124186,43961.82609128809,41896.64001700248,57540.87474169442,43948.952952412285,41866.95473078096,0.9362389813250047,2.1739087119131,27.308159859625448,1.9741154484436265,15.047047587715497,2.377126361890987
Montana,5.0,58254.98650472335,46468.0,44113.906882591094,58338.6212522691,46377.21274948921,44154.8747033979,58187.530794804356,46282.47800283523,44083.18331569551,83.63474754575145,90.787250510788,40.96782080680714,67.45570991899149,185.52199716476753,30.723566895583645
Nebraska,5.0,62938.65395787945,51751.5,43866.86129266521,62895.69636765346,51725.56959766836,43845.46164251241,63029.61690239707,51589.636715671724,43850.73002437777,42.95759022598941,25.930402331643563,21.39965015280177,90.96294451762515,161.86328432827577,16.131268287441344
Nevada,5.0,64949.36737000754,54657.0,44575.22569706104,64921.594544230444,54708.670111289466,44583.313857302615,64866.04238489391,54703.4997750881,44541.69630249935,27.772825777094113,51.67011128946615,8.088160241575679,83.32498511362792,46.49977508810116,33.529394561686786
New Hampshire,5.0,78389.863878327,68590.0,53216.276045627375,78381.51933331804,68618.11963112975,53216.79479401151,78357.01096712818,68405.30333617014,53098.92961748377,8.344545008963905,28.119631129753543,0.5187483841364156,32.85291119881731,184.6966638298618,117.34642814360268
New Jersey,5.0,89249.17429022082,79926.0,58062.17282559712,89249.09030451653,79924.36108684262,58071.991187525346,89270.12916198684,79935.01936337879,58040.600221269364,0.08398570428835228,1.6389131573814666,9.818361928228114,20.954871766021824,9.019363378785783,21.572604327753652
New Mexico,5.0,56187.235,43261.5,42956.05458333333,56184.301508017066,43284.65773548366,43028.22706105485,56196.93886651848,43207.9694596026,42953.81478716933,2.933491982934356,23.15773548366269,72.17247772152041,9.703866518480936,53.530540397398,2.2397961640017456
New York,5.0,75745.79503565805,60819.0,53001.25761785681,75750.50244715362,60816.02888686846,53004.640463316464,75754.8604420571,60809.6336786992,53009.981395498646,4.707411495561246,2.9711131315416424,3.382845459651435,9.065406399051426,9.366321300796699,8.723777641833294
North Carolina,5.0,58557.675663861875,43739.0,43952.42694787455,58556.062945683814,43738.917927324655,43952.59155867233,58536.97107311605,43748.96458651142,43944.481289523465,1.6127181780611863,0.08207267534453422,0.16461079777945997,20.704590745823225,9.964586511421658,7.945658351083694
North Dakota,5.0,67635.42953586498,56572.0,48591.17130801688,67641.38638669641,56379.5725448661,48556.636513974794,67470.96921340028,56451.47824574702,48649.36058873479,5.956850831425982,192.42745513389673,34.53479404208338,164.46032246469986,120.52175425297901,58.18928071791015
Ohio,5.0,60080.73095732069,47907.5,42999.01192946058,60075.187239051986,47904.68341677483,43000.30570603138,60086.80616401406,47906.77475776567,42960.49494415237,5.543718268701923,2.81658322516887,1.2937765707974904,6.075206693371001,0.7252422343299259,38.51698530821159
Oklahoma,5.0,56574.45679783469,42745.0,42770.957526545906,56559.28457501578,42750.86339269613,42773.69391620876,56612.17507273038,42780.37270912177,42725.80145038769,15.172222818910086,5.863392696126539,2.7363896628521616,37.71827489569114,35.37270912177337,45.156076158215
Oregon,5.0,63958.41371280725,51082.0,46536.53505821475,63950.959648367694,51056.207605852826,46548.04584938843,63899.31594717325,51101.95724693278,46562.644506391924,7.454064439552894,25.79239414717449,11.510791173677717,59.09776563399646,19.957246932783164,26.109448177172453
Pennsylvania,5.0,65502.47090341834,52457.0,46881.80412371134,65502.5821016172,52458.530238061605,46876.42737573484,65525.18670156787,52435.89632540206,46884.14750683327,0.11119819885789184,1.530238061604905,5.376747976501065,22.71579814953293,21.10367459794361,2.3433831219299464
Puerto Rico,5.0,27613.839736842107,17349.5,25314.11894736842,27621.88530130952,17334.286973623643,25306.50019886866,27663.702221995623,17305.09818051889,25248.32809299474,8.045564467414806,15.213026376357448,7.618748499760841,49.8624851535169,44.40181948111058,65.79085437368121
Rhode Island,5.0,72224.26940639269,61364.0,51873.56438356164,72317.48032734975,61436.09090428317,51804.987078330225,71979.51144670375,61367.6608623165,51376.81289613406,93.21092095706263,72.09090428316995,68.577305231418,244.7579596889409,3.6608623165011522,496.7514874275803
South Carolina,5.0,55413.45870560035,41190.0,42930.06580954456,55395.095627405935,41208.52385130507,42926.12149079694,55455.93110390988,41168.784164787256,42888.51767312463,18.36307819441572,18.52385130507173,3.944318747620855,42.472398309531854,21.215835212744423,41.548136419929506
South Dakota,5.0,58639.960876369325,48758.0,42845.255086071986,58654.03506499143,48735.62519588689,42860.35249528805,59009.56236852337,48969.73283376376,42995.09426592112,14.074188622107613,22.374804113111168,15.097409216061351,369.6014921540482,211.73283376375912,149.8391798491357
Tennessee,5.0,56584.582540203475,41515.0,42720.13849688218,56590.00799649783,41508.967134605424,42690.794196633666,56548.860330398755,41503.4241952988,42705.889843777586,5.425456294353353,6.03286539457622,29.344300248514628,35.72220980472048,11.57580470119865,14.248653104594268
Texas,5.0,65528.01508105524,49835.0,46326.22121778435,65528.24051235227,49840.554356666165,46322.471320182274,65538.0297296429,49829.00121069862,46306.578487606064,0.2254312970326282,5.554356666165404,3.7498976020724513,10.01464858766849,5.998789301382203,19.642730178282363
Utah,5.0,72216.35826620637,62922.0,47094.02032988109,72202.63569814753,62953.02862136713,47092.406909068675,72270.81017296291,62728.28873489261,47043.62168849311,13.722568058845354,31.028621367127926,1.6134208124130964,54.451906756541575,193.71126510739123,50.39864138797566
Vermont,5.0,65696.36275695285,54891.0,49079.48972188633,65919.2183322242,54980.924571115036,49203.47653666553,65654.79887953229,54969.601776529285,49078.822454406305,222.85557527135825,89.92457111503609,123.98681477919308,41.56387742055813,78.60177652928542,0.6672674800283858
Virginia,5.0,79932.47650579397,64103.0,50938.72367248186,79940.5386066597,64097.56605871714,50930.88502910651,79955.4280127675,64123.709254236666,50960.81284466307,8.062100865732646,5.433941282863088,7.838643375347601,22.951506973535288,20.70925423666631,22.089172181214963
Washington,5.0,75276.7911576498,64156.0,50702.7310936591,75255.01353469276,64153.08545907758,50724.14451228825,75274.29384203102,64187.78674896997,50729.811458841374,21.777622957044514,2.9145409224220202,21.41341862914851,2.4973156187770655,31.786748969971086,27.080365182271635
West Virginia,5.0,52394.05379365716,39983.0,41937.77679646728,52368.85250383934,39960.576032266836,41945.413591065444,52703.67277175129,40025.30798632375,42010.324182623335,25.201289817821817,22.423967733164318,7.636794598161941,309.61897809412767,42.30798632375081,72.54738615605311
Wisconsin,5.0,63259.944065281896,52830.5,44564.37759643917,63266.12809986212,52838.791804591936,44573.964693322254,63251.38145649707,52813.39234546546,44564.855700447886,6.18403458022658,8.291804591935943,9.587096883085906,8.562608784828626,17.107654534542235,0.4781040087182191
Wyoming,5.0,68398.78313253012,61092.0,46078.24096385542,68358.99114590086,61048.02730805497,46078.87493543626,69212.18049850591,60839.07543217311,45460.30761039693,39.79198662926501,43.97269194503315,0.6339715808353503,813.3973659757903,252.9245678268926,617.9333534584948
